triplet,sensor,echo_us,t_trig_us,t_sample_us,d_centre_m,reading_valid,triplet_valid,in_throw
0,1,0,476,476.0,,0,0,0
0,2,0,18468,18468.0,,0,0,0
0,3,0,36472,36472.0,,0,0,0
1,1,0,54472,54472.0,,0,0,0
1,2,0,72468,72468.0,,0,0,0
1,3,0,90468,90468.0,,0,0,0
2,1,0,108468,108468.0,,0,0,0
2,2,0,126468,126468.0,,0,0,0
2,3,0,144472,144472.0,,0,0,0
3,1,0,162472,162472.0,,0,0,0
3,2,0,180468,180468.0,,0,0,0
3,3,0,198472,198472.0,,0,0,0
4,1,0,216468,216468.0,,0,0,0
4,2,0,234472,234472.0,,0,0,0
4,3,0,252472,252472.0,,0,0,0
5,1,0,270472,270472.0,,0,0,0
5,2,0,288468,288468.0,,0,0,0
5,3,0,306472,306472.0,,0,0,0
6,1,0,324472,324472.0,,0,0,0
6,2,0,342472,342472.0,,0,0,0
6,3,0,360476,360476.0,,0,0,0
7,1,0,378468,378468.0,,0,0,0
7,2,0,396472,396472.0,,0,0,0
7,3,0,414468,414468.0,,0,0,0
8,1,0,432468,432468.0,,0,0,0
8,2,0,450472,450472.0,,0,0,0
8,3,0,468472,468472.0,,0,0,0
9,1,0,486472,486472.0,,0,0,0
9,2,0,504468,504468.0,,0,0,0
9,3,0,522472,522472.0,,0,0,0
10,1,0,540472,540472.0,,0,0,0
10,2,0,558472,558472.0,,0,0,0
10,3,0,576468,576468.0,,0,0,0
11,1,0,594468,594468.0,,0,0,0
11,2,0,612472,612472.0,,0,0,0
11,3,0,630472,630472.0,,0,0,0
12,1,0,648472,648472.0,,0,0,0
12,2,8409,666468,670672.5,1.611709,1,0,0
12,3,0,684472,684472.0,,0,0,0
13,1,0,702480,702480.0,,0,0,0
13,2,8466,720472,724705.0,1.621672,1,0,0
13,3,0,738472,738472.0,,0,0,0
14,1,0,756472,756472.0,,0,0,0
14,2,0,774472,774472.0,,0,0,0
14,3,0,792476,792476.0,,0,0,0
15,1,0,810468,810468.0,,0,0,0
15,2,0,828472,828472.0,,0,0,0
15,3,0,846468,846468.0,,0,0,0
16,1,0,864472,864472.0,,0,0,0
16,2,0,882468,882468.0,,0,0,0
16,3,0,900468,900468.0,,0,0,0
17,1,0,918468,918468.0,,0,0,0
17,2,0,936472,936472.0,,0,0,0
17,3,0,954468,954468.0,,0,0,0
18,1,0,972468,972468.0,,0,0,0
18,2,0,990468,990468.0,,0,0,0
18,3,0,1008472,1008472.0,,0,0,0
19,1,0,1026472,1026472.0,,0,0,0
19,2,0,1044472,1044472.0,,0,0,0
19,3,0,1062468,1062468.0,,0,0,0
20,1,0,1080472,1080472.0,,0,0,0
20,2,0,1098472,1098472.0,,0,0,0
20,3,0,1116476,1116476.0,,0,0,0
21,1,0,1134472,1134472.0,,0,0,0
21,2,0,1152468,1152468.0,,0,0,0
21,3,0,1170472,1170472.0,,0,0,0
22,1,0,1188468,1188468.0,,0,0,0
22,2,0,1206468,1206468.0,,0,0,0
22,3,0,1224472,1224472.0,,0,0,0
23,1,0,1242468,1242468.0,,0,0,0
23,2,0,1260472,1260472.0,,0,0,0
23,3,0,1278468,1278468.0,,0,0,0
24,1,0,1296472,1296472.0,,0,0,0
24,2,0,1314468,1314468.0,,0,0,0
24,3,0,1332468,1332468.0,,0,0,0
25,1,0,1350472,1350472.0,,0,0,0
25,2,0,1368468,1368468.0,,0,0,0
25,3,0,1386472,1386472.0,,0,0,0
26,1,0,1404468,1404468.0,,0,0,0
26,2,0,1422468,1422468.0,,0,0,0
26,3,0,1440472,1440472.0,,0,0,0
27,1,0,1458472,1458472.0,,0,0,0
27,2,0,1476468,1476468.0,,0,0,0
27,3,0,1494476,1494476.0,,0,0,0
28,1,0,1512472,1512472.0,,0,0,0
28,2,0,1530468,1530468.0,,0,0,0
28,3,0,1548472,1548472.0,,0,0,0
29,1,0,1566468,1566468.0,,0,0,0
29,2,0,1584472,1584472.0,,0,0,0
29,3,0,1602472,1602472.0,,0,0,0
30,1,0,1620468,1620468.0,,0,0,0
30,2,0,1638472,1638472.0,,0,0,0
30,3,0,1656472,1656472.0,,0,0,0
31,1,0,1674472,1674472.0,,0,0,0
31,2,0,1692472,1692472.0,,0,0,0
31,3,0,1710472,1710472.0,,0,0,0
32,1,0,1728468,1728468.0,,0,0,0
32,2,0,1746472,1746472.0,,0,0,0
32,3,0,1764472,1764472.0,,0,0,0
33,1,0,1782468,1782468.0,,0,0,0
33,2,0,1800472,1800472.0,,0,0,0
33,3,0,1818472,1818472.0,,0,0,0
34,1,0,1836468,1836468.0,,0,0,0
34,2,0,1854480,1854480.0,,0,0,0
34,3,0,1872472,1872472.0,,0,0,0
35,1,0,1890468,1890468.0,,0,0,0
35,2,0,1908472,1908472.0,,0,0,0
35,3,0,1926476,1926476.0,,0,0,0
36,1,0,1944468,1944468.0,,0,0,0
36,2,0,1962468,1962468.0,,0,0,0
36,3,0,1980472,1980472.0,,0,0,0
37,1,0,1998468,1998468.0,,0,0,0
37,2,0,2016472,2016472.0,,0,0,0
37,3,0,2034472,2034472.0,,0,0,0
38,1,0,2052472,2052472.0,,0,0,0
38,2,0,2070472,2070472.0,,0,0,0
38,3,0,2088468,2088468.0,,0,0,0
39,1,0,2106472,2106472.0,,0,0,0
39,2,0,2124468,2124468.0,,0,0,0
39,3,0,2142468,2142468.0,,0,0,0
40,1,0,2160468,2160468.0,,0,0,0
40,2,0,2178468,2178468.0,,0,0,0
40,3,0,2196468,2196468.0,,0,0,0
41,1,0,2214472,2214472.0,,0,0,0
41,2,0,2232468,2232468.0,,0,0,0
41,3,0,2250468,2250468.0,,0,0,0
42,1,0,2268468,2268468.0,,0,0,0
42,2,0,2286468,2286468.0,,0,0,0
42,3,10641,2304468,2309788.5,1.992240,1,0,0
43,1,0,2322468,2322468.0,,0,0,0
43,2,0,2340468,2340468.0,,0,0,0
43,3,0,2358472,2358472.0,,0,0,0
44,1,0,2376468,2376468.0,,0,0,0
44,2,0,2394472,2394472.0,,0,0,0
44,3,0,2412468,2412468.0,,0,0,0
45,1,0,2430472,2430472.0,,0,0,0
45,2,0,2448468,2448468.0,,0,0,0
45,3,0,2466472,2466472.0,,0,0,0
46,1,0,2484468,2484468.0,,0,0,0
46,2,0,2502472,2502472.0,,0,0,0
46,3,0,2520468,2520468.0,,0,0,0
47,1,0,2538468,2538468.0,,0,0,0
47,2,0,2556468,2556468.0,,0,0,0
47,3,0,2574472,2574472.0,,0,0,0
48,1,0,2592468,2592468.0,,0,0,0
48,2,0,2610468,2610468.0,,0,0,0
48,3,0,2628472,2628472.0,,0,0,0
49,1,0,2646468,2646468.0,,0,0,0
49,2,0,2664468,2664468.0,,0,0,0
49,3,0,2682468,2682468.0,,0,0,0
50,1,0,2700472,2700472.0,,0,0,0
50,2,0,2718468,2718468.0,,0,0,0
50,3,0,2736472,2736472.0,,0,0,0
51,1,0,2754468,2754468.0,,0,0,0
51,2,0,2772468,2772468.0,,0,0,0
51,3,0,2790468,2790468.0,,0,0,0
52,1,0,2808472,2808472.0,,0,0,0
52,2,0,2826468,2826468.0,,0,0,0
52,3,0,2844468,2844468.0,,0,0,0
53,1,0,2862472,2862472.0,,0,0,0
53,2,0,2880472,2880472.0,,0,0,0
53,3,0,2898472,2898472.0,,0,0,0
54,1,0,2916468,2916468.0,,0,0,0
54,2,0,2934472,2934472.0,,0,0,0
54,3,0,2952476,2952476.0,,0,0,0
55,1,0,2970468,2970468.0,,0,0,0
55,2,0,2988468,2988468.0,,0,0,0
55,3,0,3006480,3006480.0,,0,0,0
56,1,0,3024468,3024468.0,,0,0,0
56,2,0,3042472,3042472.0,,0,0,0
56,3,0,3060468,3060468.0,,0,0,0
57,1,0,3078468,3078468.0,,0,0,0
57,2,0,3096468,3096468.0,,0,0,0
57,3,0,3114468,3114468.0,,0,0,0
58,1,0,3132472,3132472.0,,0,0,0
58,2,0,3150468,3150468.0,,0,0,0
58,3,0,3168472,3168472.0,,0,0,0
59,1,0,3186472,3186472.0,,0,0,0
59,2,0,3204472,3204472.0,,0,0,0
59,3,0,3222472,3222472.0,,0,0,0
60,1,0,3240468,3240468.0,,0,0,0
60,2,0,3258472,3258472.0,,0,0,0
60,3,0,3276468,3276468.0,,0,0,0
61,1,0,3294472,3294472.0,,0,0,0
61,2,0,3312468,3312468.0,,0,0,0
61,3,0,3330476,3330476.0,,0,0,0
62,1,0,3348472,3348472.0,,0,0,0
62,2,0,3366468,3366468.0,,0,0,0
62,3,0,3384468,3384468.0,,0,0,0
63,1,0,3402472,3402472.0,,0,0,0
63,2,0,3420472,3420472.0,,0,0,0
63,3,0,3438476,3438476.0,,0,0,0
64,1,0,3456472,3456472.0,,0,0,0
64,2,0,3474468,3474468.0,,0,0,0
64,3,0,3492468,3492468.0,,0,0,0
65,1,0,3510472,3510472.0,,0,0,0
65,2,0,3528468,3528468.0,,0,0,0
65,3,0,3546468,3546468.0,,0,0,0
66,1,0,3564472,3564472.0,,0,0,0
66,2,0,3582472,3582472.0,,0,0,0
66,3,0,3600468,3600468.0,,0,0,0
67,1,0,3618472,3618472.0,,0,0,0
67,2,0,3636468,3636468.0,,0,0,0
67,3,0,3654468,3654468.0,,0,0,0
68,1,0,3672468,3672468.0,,0,0,0
68,2,0,3690472,3690472.0,,0,0,0
68,3,0,3708472,3708472.0,,0,0,0
69,1,0,3726468,3726468.0,,0,0,0
69,2,0,3744472,3744472.0,,0,0,0
69,3,0,3762472,3762472.0,,0,0,0
70,1,0,3780472,3780472.0,,0,0,0
70,2,0,3798472,3798472.0,,0,0,0
70,3,0,3816472,3816472.0,,0,0,0
71,1,0,3834472,3834472.0,,0,0,0
71,2,0,3852468,3852468.0,,0,0,0
71,3,0,3870472,3870472.0,,0,0,0
72,1,0,3888468,3888468.0,,0,0,0
72,2,0,3906472,3906472.0,,0,0,0
72,3,0,3924472,3924472.0,,0,0,0
73,1,0,3942468,3942468.0,,0,0,0
73,2,0,3960472,3960472.0,,0,0,0
73,3,0,3978476,3978476.0,,0,0,0
74,1,0,3996472,3996472.0,,0,0,0
74,2,0,4014472,4014472.0,,0,0,0
74,3,0,4032472,4032472.0,,0,0,0
75,1,0,4050468,4050468.0,,0,0,0
75,2,0,4068472,4068472.0,,0,0,0
75,3,0,4086472,4086472.0,,0,0,0
76,1,0,4104472,4104472.0,,0,0,0
76,2,0,4122472,4122472.0,,0,0,0
76,3,0,4140468,4140468.0,,0,0,0
77,1,0,4158476,4158476.0,,0,0,0
77,2,0,4176472,4176472.0,,0,0,0
77,3,0,4194472,4194472.0,,0,0,0
78,1,0,4212468,4212468.0,,0,0,0
78,2,0,4230472,4230472.0,,0,0,0
78,3,0,4248472,4248472.0,,0,0,0
79,1,0,4266468,4266468.0,,0,0,0
79,2,0,4284472,4284472.0,,0,0,0
79,3,0,4302468,4302468.0,,0,0,0
80,1,0,4320468,4320468.0,,0,0,0
80,2,0,4338472,4338472.0,,0,0,0
80,3,0,4356472,4356472.0,,0,0,0
81,1,0,4374468,4374468.0,,0,0,0
81,2,0,4392468,4392468.0,,0,0,0
81,3,0,4410468,4410468.0,,0,0,0
82,1,0,4428472,4428472.0,,0,0,0
82,2,0,4446468,4446468.0,,0,0,0
82,3,0,4464472,4464472.0,,0,0,0
83,1,0,4482468,4482468.0,,0,0,0
83,2,0,4500472,4500472.0,,0,0,0
83,3,0,4518476,4518476.0,,0,0,0
84,1,0,4536472,4536472.0,,0,0,0
84,2,0,4554472,4554472.0,,0,0,0
84,3,0,4572468,4572468.0,,0,0,0
85,1,0,4590468,4590468.0,,0,0,0
85,2,0,4608472,4608472.0,,0,0,0
85,3,0,4626468,4626468.0,,0,0,0
86,1,0,4644472,4644472.0,,0,0,0
86,2,0,4662468,4662468.0,,0,0,0
86,3,0,4680468,4680468.0,,0,0,0
87,1,0,4698468,4698468.0,,0,0,0
87,2,0,4716472,4716472.0,,0,0,0
87,3,0,4734468,4734468.0,,0,0,0
88,1,0,4752468,4752468.0,,0,0,0
88,2,3999,4770472,4772471.5,0.840885,1,0,0
88,3,0,4788468,4788468.0,,0,0,0
89,1,3914,4806468,4808425.0,0.829028,1,0,0
89,2,3847,4824468,4826391.5,0.814317,1,0,0
89,3,0,4842472,4842472.0,,0,0,0
90,1,4235,4860472,4862589.5,0.885136,1,0,0
90,2,3654,4878468,4880295.0,0.780583,1,0,0
90,3,0,4896472,4896472.0,,0,0,0
91,1,4518,4914472,4916731.0,0.934601,1,0,0
91,2,3403,4932468,4934169.5,0.736710,1,0,0
91,3,0,4950472,4950472.0,,0,0,0
92,1,0,4968472,4968472.0,,0,0,0
92,2,3197,4986468,4988066.5,0.700704,1,0,0
92,3,0,5004468,5004468.0,,0,0,0
93,1,0,5022472,5022472.0,,0,0,0
93,2,2923,5040472,5041933.5,0.652811,1,0,0
93,3,0,5058472,5058472.0,,0,0,0
94,1,0,5076472,5076472.0,,0,0,0
94,2,0,5094472,5094472.0,,0,0,0
94,3,0,5112476,5112476.0,,0,0,0
95,1,0,5130468,5130468.0,,0,0,0
95,2,0,5148468,5148468.0,,0,0,0
95,3,0,5166476,5166476.0,,0,0,0
96,1,0,5184472,5184472.0,,0,0,0
96,2,0,5202468,5202468.0,,0,0,0
96,3,0,5220472,5220472.0,,0,0,0
97,1,0,5238472,5238472.0,,0,0,0
97,2,0,5256468,5256468.0,,0,0,0
97,3,0,5274476,5274476.0,,0,0,0
98,1,0,5292472,5292472.0,,0,0,0
98,2,0,5310476,5310476.0,,0,0,0
98,3,0,5328472,5328472.0,,0,0,0
99,1,0,5346468,5346468.0,,0,0,0
99,2,0,5364468,5364468.0,,0,0,0
99,3,0,5382472,5382472.0,,0,0,0
100,1,0,5400468,5400468.0,,0,0,0
100,2,0,5418468,5418468.0,,0,0,0
100,3,0,5436472,5436472.0,,0,0,0
101,1,0,5454468,5454468.0,,0,0,0
101,2,0,5472472,5472472.0,,0,0,0
101,3,0,5490472,5490472.0,,0,0,0
102,1,0,5508468,5508468.0,,0,0,0
102,2,0,5526472,5526472.0,,0,0,0
102,3,0,5544472,5544472.0,,0,0,0
103,1,0,5562468,5562468.0,,0,0,0
103,2,0,5580472,5580472.0,,0,0,0
103,3,0,5598468,5598468.0,,0,0,0
104,1,0,5616472,5616472.0,,0,0,0
104,2,0,5634472,5634472.0,,0,0,0
104,3,0,5652468,5652468.0,,0,0,0
105,1,0,5670472,5670472.0,,0,0,0
105,2,0,5688468,5688468.0,,0,0,0
105,3,0,5706472,5706472.0,,0,0,0
106,1,0,5724472,5724472.0,,0,0,0
106,2,0,5742468,5742468.0,,0,0,0
106,3,0,5760476,5760476.0,,0,0,0
107,1,0,5778472,5778472.0,,0,0,0
107,2,0,5796472,5796472.0,,0,0,0
107,3,0,5814468,5814468.0,,0,0,0
108,1,0,5832468,5832468.0,,0,0,0
108,2,0,5850468,5850468.0,,0,0,0
108,3,0,5868472,5868472.0,,0,0,0
109,1,0,5886468,5886468.0,,0,0,0
109,2,0,5904472,5904472.0,,0,0,0
109,3,0,5922468,5922468.0,,0,0,0
110,1,0,5940472,5940472.0,,0,0,0
110,2,0,5958468,5958468.0,,0,0,0
110,3,0,5976476,5976476.0,,0,0,0
111,1,0,5994472,5994472.0,,0,0,0
111,2,0,6012472,6012472.0,,0,0,0
111,3,0,6030468,6030468.0,,0,0,0
112,1,0,6048468,6048468.0,,0,0,0
112,2,0,6066472,6066472.0,,0,0,0
112,3,0,6084468,6084468.0,,0,0,0
113,1,0,6102472,6102472.0,,0,0,0
113,2,0,6120472,6120472.0,,0,0,0
113,3,0,6138472,6138472.0,,0,0,0
114,1,0,6156472,6156472.0,,0,0,0
114,2,0,6174468,6174468.0,,0,0,0
114,3,0,6192472,6192472.0,,0,0,0
115,1,0,6210472,6210472.0,,0,0,0
115,2,0,6228472,6228472.0,,0,0,0
115,3,0,6246468,6246468.0,,0,0,0
116,1,0,6264472,6264472.0,,0,0,0
116,2,0,6282468,6282468.0,,0,0,0
116,3,0,6300472,6300472.0,,0,0,0
117,1,0,6318468,6318468.0,,0,0,0
117,2,0,6336472,6336472.0,,0,0,0
117,3,0,6354472,6354472.0,,0,0,0
118,1,0,6372468,6372468.0,,0,0,0
118,2,0,6390472,6390472.0,,0,0,0
118,3,0,6408468,6408468.0,,0,0,0
119,1,0,6426472,6426472.0,,0,0,0
119,2,0,6444472,6444472.0,,0,0,0
119,3,0,6462484,6462484.0,,0,0,0
120,1,0,6480472,6480472.0,,0,0,0
120,2,0,6498468,6498468.0,,0,0,0
120,3,0,6516472,6516472.0,,0,0,0
121,1,0,6534472,6534472.0,,0,0,0
121,2,0,6552468,6552468.0,,0,0,0
121,3,0,6570468,6570468.0,,0,0,0
122,1,0,6588472,6588472.0,,0,0,0
122,2,0,6606468,6606468.0,,0,0,0
122,3,0,6624468,6624468.0,,0,0,0
123,1,0,6642472,6642472.0,,0,0,0
123,2,0,6660472,6660472.0,,0,0,0
123,3,0,6678476,6678476.0,,0,0,0
124,1,0,6696468,6696468.0,,0,0,0
124,2,0,6714472,6714472.0,,0,0,0
124,3,0,6732472,6732472.0,,0,0,0
125,1,0,6750472,6750472.0,,0,0,0
125,2,0,6768468,6768468.0,,0,0,0
125,3,0,6786472,6786472.0,,0,0,0
126,1,0,6804468,6804468.0,,0,0,0
126,2,0,6822472,6822472.0,,0,0,0
126,3,0,6840472,6840472.0,,0,0,0
127,1,0,6858472,6858472.0,,0,0,0
127,2,0,6876468,6876468.0,,0,0,0
127,3,0,6894468,6894468.0,,0,0,0
128,1,0,6912472,6912472.0,,0,0,0
128,2,0,6930468,6930468.0,,0,0,0
128,3,0,6948472,6948472.0,,0,0,0
129,1,0,6966468,6966468.0,,0,0,0
129,2,0,6984472,6984472.0,,0,0,0
129,3,0,7002472,7002472.0,,0,0,0
130,1,0,7020472,7020472.0,,0,0,0
130,2,0,7038472,7038472.0,,0,0,0
130,3,0,7056468,7056468.0,,0,0,0
131,1,0,7074472,7074472.0,,0,0,0
131,2,0,7092468,7092468.0,,0,0,0
131,3,0,7110472,7110472.0,,0,0,0
132,1,0,7128468,7128468.0,,0,0,0
132,2,0,7146472,7146472.0,,0,0,0
132,3,0,7164472,7164472.0,,0,0,0
133,1,0,7182468,7182468.0,,0,0,0
133,2,0,7200472,7200472.0,,0,0,0
133,3,0,7218472,7218472.0,,0,0,0
134,1,0,7236472,7236472.0,,0,0,0
134,2,0,7254472,7254472.0,,0,0,0
134,3,0,7272472,7272472.0,,0,0,0
135,1,0,7290468,7290468.0,,0,0,0
135,2,0,7308468,7308468.0,,0,0,0
135,3,0,7326468,7326468.0,,0,0,0
136,1,0,7344472,7344472.0,,0,0,0
136,2,0,7362468,7362468.0,,0,0,0
136,3,0,7380468,7380468.0,,0,0,0
137,1,0,7398472,7398472.0,,0,0,0
137,2,0,7416468,7416468.0,,0,0,0
137,3,0,7434472,7434472.0,,0,0,0
138,1,0,7452468,7452468.0,,0,0,0
138,2,0,7470468,7470468.0,,0,0,0
138,3,0,7488472,7488472.0,,0,0,0
139,1,0,7506472,7506472.0,,0,0,0
139,2,0,7524472,7524472.0,,0,0,0
139,3,0,7542476,7542476.0,,0,0,0
140,1,0,7560472,7560472.0,,0,0,0
140,2,0,7578468,7578468.0,,0,0,0
140,3,0,7596468,7596468.0,,0,0,0
141,1,0,7614476,7614476.0,,0,0,0
141,2,0,7632472,7632472.0,,0,0,0
141,3,0,7650468,7650468.0,,0,0,0
142,1,0,7668468,7668468.0,,0,0,0
142,2,0,7686472,7686472.0,,0,0,0
142,3,0,7704476,7704476.0,,0,0,0
143,1,0,7722472,7722472.0,,0,0,0
143,2,0,7740468,7740468.0,,0,0,0
143,3,0,7758472,7758472.0,,0,0,0
144,1,0,7776472,7776472.0,,0,0,0
144,2,0,7794468,7794468.0,,0,0,0
144,3,0,7812476,7812476.0,,0,0,0
145,1,0,7830472,7830472.0,,0,0,0
145,2,0,7848472,7848472.0,,0,0,0
145,3,0,7866468,7866468.0,,0,0,0
146,1,0,7884472,7884472.0,,0,0,0
146,2,0,7902472,7902472.0,,0,0,0
146,3,0,7920476,7920476.0,,0,0,0
147,1,0,7938472,7938472.0,,0,0,0
147,2,0,7956468,7956468.0,,0,0,0
147,3,0,7974472,7974472.0,,0,0,0
148,1,0,7992468,7992468.0,,0,0,0
148,2,0,8010472,8010472.0,,0,0,0
148,3,0,8028472,8028472.0,,0,0,0
149,1,0,8046472,8046472.0,,0,0,0
149,2,0,8064472,8064472.0,,0,0,0
149,3,0,8082472,8082472.0,,0,0,0
150,1,0,8100468,8100468.0,,0,0,0
150,2,0,8118472,8118472.0,,0,0,0
150,3,0,8136468,8136468.0,,0,0,0
151,1,0,8154472,8154472.0,,0,0,0
151,2,0,8172468,8172468.0,,0,0,0
151,3,0,8190468,8190468.0,,0,0,0
152,1,0,8208468,8208468.0,,0,0,0
152,2,0,8226468,8226468.0,,0,0,0
152,3,0,8244472,8244472.0,,0,0,0
153,1,0,8262468,8262468.0,,0,0,0
153,2,0,8280472,8280472.0,,0,0,0
153,3,11896,8298468,8304416.0,,0,0,0
154,1,0,8316472,8316472.0,,0,0,0
154,2,0,8334468,8334468.0,,0,0,0
154,3,0,8352468,8352468.0,,0,0,0
155,1,0,8370472,8370472.0,,0,0,0
155,2,0,8388472,8388472.0,,0,0,0
155,3,0,8406472,8406472.0,,0,0,0
156,1,0,8424472,8424472.0,,0,0,0
156,2,0,8442472,8442472.0,,0,0,0
156,3,0,8460468,8460468.0,,0,0,0
157,1,0,8478468,8478468.0,,0,0,0
157,2,0,8496472,8496472.0,,0,0,0
157,3,12035,8514472,8520489.5,,0,0,0
158,1,0,8532472,8532472.0,,0,0,0
158,2,0,8550472,8550472.0,,0,0,0
158,3,0,8568472,8568472.0,,0,0,0
159,1,0,8586468,8586468.0,,0,0,0
159,2,0,8604468,8604468.0,,0,0,0
159,3,0,8622468,8622468.0,,0,0,0
160,1,0,8640472,8640472.0,,0,0,0
160,2,0,8658472,8658472.0,,0,0,0
160,3,0,8676472,8676472.0,,0,0,0
161,1,0,8694472,8694472.0,,0,0,0
161,2,0,8712468,8712468.0,,0,0,0
161,3,0,8730468,8730468.0,,0,0,0
162,1,0,8748472,8748472.0,,0,0,0
162,2,0,8766476,8766476.0,,0,0,0
162,3,0,8784472,8784472.0,,0,0,0
163,1,0,8802468,8802468.0,,0,0,0
163,2,0,8820472,8820472.0,,0,0,0
163,3,0,8838468,8838468.0,,0,0,0
164,1,0,8856472,8856472.0,,0,0,0
164,2,0,8874472,8874472.0,,0,0,0
164,3,0,8892476,8892476.0,,0,0,0
165,1,0,8910468,8910468.0,,0,0,0
165,2,0,8928468,8928468.0,,0,0,0
165,3,0,8946472,8946472.0,,0,0,0
166,1,0,8964472,8964472.0,,0,0,0
166,2,0,8982468,8982468.0,,0,0,0
166,3,0,9000472,9000472.0,,0,0,0
167,1,0,9018472,9018472.0,,0,0,0
167,2,0,9036468,9036468.0,,0,0,0
167,3,0,9054472,9054472.0,,0,0,0
168,1,0,9072468,9072468.0,,0,0,0
168,2,0,9090468,9090468.0,,0,0,0
168,3,0,9108472,9108472.0,,0,0,0
169,1,0,9126472,9126472.0,,0,0,0
169,2,0,9144468,9144468.0,,0,0,0
169,3,0,9162468,9162468.0,,0,0,0
170,1,0,9180468,9180468.0,,0,0,0
170,2,0,9198472,9198472.0,,0,0,0
170,3,0,9216472,9216472.0,,0,0,0
171,1,0,9234468,9234468.0,,0,0,0
171,2,0,9252472,9252472.0,,0,0,0
171,3,0,9270476,9270476.0,,0,0,0
172,1,0,9288472,9288472.0,,0,0,0
172,2,0,9306468,9306468.0,,0,0,0
172,3,0,9324472,9324472.0,,0,0,0
173,1,0,9342468,9342468.0,,0,0,0
173,2,0,9360468,9360468.0,,0,0,0
173,3,0,9378468,9378468.0,,0,0,0
174,1,0,9396472,9396472.0,,0,0,0
174,2,0,9414468,9414468.0,,0,0,0
174,3,0,9432468,9432468.0,,0,0,0
175,1,0,9450468,9450468.0,,0,0,0
175,2,0,9468468,9468468.0,,0,0,0
175,3,0,9486472,9486472.0,,0,0,0
176,1,5733,9504472,9507338.5,1.146971,1,0,0
176,2,5386,9522472,9525165.0,1.083319,1,0,0
176,3,0,9540468,9540468.0,,0,0,0
177,1,0,9558472,9558472.0,,0,0,0
177,2,5769,9576472,9579356.5,1.150264,1,0,0
177,3,0,9594476,9594476.0,,0,0,0
178,1,6196,9612472,9615570.0,1.227899,1,1,0
178,2,6118,9630468,9633527.0,1.211265,1,1,0
178,3,5859,9648472,9651401.5,1.156395,1,1,0
179,1,0,9666472,9666472.0,,0,0,0
179,2,0,9684472,9684472.0,,0,0,0
179,3,6172,9702468,9705554.0,1.211104,1,0,0
180,1,0,9720472,9720472.0,,0,0,0
180,2,6567,9738472,9741755.5,1.289746,1,0,0
180,3,6701,9756472,9759822.5,1.303568,1,0,0
181,1,6425,9774472,9777684.5,1.267926,1,0,0
181,2,0,9792472,9792472.0,,0,0,0
181,3,6925,9810472,9813934.5,1.342721,1,0,0
182,1,6383,9828468,9831659.5,1.260585,1,0,0
182,2,0,9846468,9846468.0,,0,0,0
182,3,6922,9864472,9867933.0,1.342196,1,0,0
183,1,0,9882468,9882468.0,,0,0,0
183,2,6487,9900468,9903711.5,1.275763,1,0,0
183,3,7017,9918484,9921992.5,1.358801,1,0,0
184,1,0,9936472,9936472.0,,0,0,0
184,2,0,9954468,9954468.0,,0,0,0
184,3,0,9972472,9972472.0,,0,0,0
185,1,0,9990468,9990468.0,,0,0,0
185,2,5789,10008472,10011366.5,1.153759,1,0,0
185,3,6654,10026468,10029795.0,1.295353,1,0,0
186,1,0,10044468,10044468.0,,0,0,0
186,2,0,10062468,10062468.0,,0,0,0
186,3,0,10080472,10080472.0,,0,0,0
187,1,3765,10098472,10100354.5,0.802984,1,0,0
187,2,0,10116472,10116472.0,,0,0,0
187,3,0,10134472,10134472.0,,0,0,0
188,1,0,10152472,10152472.0,,0,0,0
188,2,0,10170472,10170472.0,,0,0,0
188,3,0,10188476,10188476.0,,0,0,0
189,1,0,10206472,10206472.0,,0,0,0
189,2,0,10224472,10224472.0,,0,0,0
189,3,0,10242472,10242472.0,,0,0,0
190,1,0,10260472,10260472.0,,0,0,0
190,2,0,10278472,10278472.0,,0,0,0
190,3,0,10296472,10296472.0,,0,0,0
191,1,0,10314468,10314468.0,,0,0,0
191,2,0,10332468,10332468.0,,0,0,0
191,3,0,10350476,10350476.0,,0,0,0
192,1,0,10368468,10368468.0,,0,0,0
192,2,0,10386468,10386468.0,,0,0,0
192,3,0,10404468,10404468.0,,0,0,0
193,1,0,10422472,10422472.0,,0,0,0
193,2,0,10440472,10440472.0,,0,0,0
193,3,0,10458472,10458472.0,,0,0,0
194,1,0,10476468,10476468.0,,0,0,0
194,2,0,10494472,10494472.0,,0,0,0
194,3,0,10512472,10512472.0,,0,0,0
195,1,0,10530472,10530472.0,,0,0,0
195,2,0,10548472,10548472.0,,0,0,0
195,3,0,10566472,10566472.0,,0,0,0
196,1,0,10584472,10584472.0,,0,0,0
196,2,0,10602472,10602472.0,,0,0,0
196,3,0,10620468,10620468.0,,0,0,0
197,1,0,10638468,10638468.0,,0,0,0
197,2,0,10656468,10656468.0,,0,0,0
197,3,0,10674468,10674468.0,,0,0,0
198,1,0,10692472,10692472.0,,0,0,0
198,2,0,10710468,10710468.0,,0,0,0
198,3,0,10728476,10728476.0,,0,0,0
199,1,0,10746468,10746468.0,,0,0,0
199,2,0,10764468,10764468.0,,0,0,0
199,3,0,10782468,10782468.0,,0,0,0
200,1,0,10800468,10800468.0,,0,0,0
200,2,0,10818468,10818468.0,,0,0,0
200,3,0,10836472,10836472.0,,0,0,0
201,1,0,10854472,10854472.0,,0,0,0
201,2,0,10872472,10872472.0,,0,0,0
201,3,0,10890472,10890472.0,,0,0,0
202,1,0,10908468,10908468.0,,0,0,0
202,2,0,10926472,10926472.0,,0,0,0
202,3,0,10944472,10944472.0,,0,0,0
203,1,0,10962472,10962472.0,,0,0,0
203,2,0,10980472,10980472.0,,0,0,0
203,3,0,10998472,10998472.0,,0,0,0
204,1,0,11016472,11016472.0,,0,0,0
204,2,0,11034468,11034468.0,,0,0,0
204,3,0,11052472,11052472.0,,0,0,0
205,1,0,11070476,11070476.0,,0,0,0
205,2,0,11088468,11088468.0,,0,0,0
205,3,0,11106468,11106468.0,,0,0,0
206,1,0,11124472,11124472.0,,0,0,0
206,2,0,11142468,11142468.0,,0,0,0
206,3,0,11160472,11160472.0,,0,0,0
207,1,0,11178468,11178468.0,,0,0,0
207,2,0,11196472,11196472.0,,0,0,0
207,3,0,11214472,11214472.0,,0,0,0
208,1,0,11232472,11232472.0,,0,0,0
208,2,0,11250472,11250472.0,,0,0,0
208,3,0,11268472,11268472.0,,0,0,0
209,1,0,11286472,11286472.0,,0,0,0
209,2,0,11304468,11304468.0,,0,0,0
209,3,0,11322472,11322472.0,,0,0,0
210,1,0,11340472,11340472.0,,0,0,0
210,2,0,11358468,11358468.0,,0,0,0
210,3,0,11376476,11376476.0,,0,0,0
211,1,0,11394472,11394472.0,,0,0,0
211,2,0,11412472,11412472.0,,0,0,0
211,3,0,11430472,11430472.0,,0,0,0
212,1,0,11448472,11448472.0,,0,0,0
212,2,0,11466472,11466472.0,,0,0,0
212,3,0,11484468,11484468.0,,0,0,0
213,1,0,11502468,11502468.0,,0,0,0
213,2,0,11520468,11520468.0,,0,0,0
213,3,0,11538472,11538472.0,,0,0,0
214,1,0,11556468,11556468.0,,0,0,0
214,2,0,11574468,11574468.0,,0,0,0
214,3,11535,11592476,11598243.5,,0,0,0
215,1,0,11610468,11610468.0,,0,0,0
215,2,0,11628468,11628468.0,,0,0,0
215,3,10949,11646476,11651950.5,2.046076,1,0,0
216,1,0,11664468,11664468.0,,0,0,0
216,2,0,11682468,11682468.0,,0,0,0
216,3,0,11700468,11700468.0,,0,0,0
217,1,0,11718472,11718472.0,,0,0,0
217,2,0,11736468,11736468.0,,0,0,0
217,3,0,11754468,11754468.0,,0,0,0
218,1,0,11772472,11772472.0,,0,0,0
218,2,0,11790468,11790468.0,,0,0,0
218,3,0,11808468,11808468.0,,0,0,0
219,1,0,11826472,11826472.0,,0,0,0
219,2,0,11844472,11844472.0,,0,0,0
219,3,0,11862468,11862468.0,,0,0,0
220,1,0,11880472,11880472.0,,0,0,0
220,2,0,11898472,11898472.0,,0,0,0
220,3,0,11916472,11916472.0,,0,0,0
221,1,0,11934468,11934468.0,,0,0,0
221,2,0,11952472,11952472.0,,0,0,0
221,3,0,11970472,11970472.0,,0,0,0
222,1,0,11988468,11988468.0,,0,0,0
222,2,0,12006468,12006468.0,,0,0,0
222,3,0,12024468,12024468.0,,0,0,0
223,1,0,12042468,12042468.0,,0,0,0
223,2,0,12060468,12060468.0,,0,0,0
223,3,0,12078472,12078472.0,,0,0,0
224,1,0,12096468,12096468.0,,0,0,0
224,2,0,12114472,12114472.0,,0,0,0
224,3,0,12132476,12132476.0,,0,0,0
225,1,0,12150468,12150468.0,,0,0,0
225,2,0,12168472,12168472.0,,0,0,0
225,3,0,12186472,12186472.0,,0,0,0
226,1,0,12204472,12204472.0,,0,0,0
226,2,0,12222476,12222476.0,,0,0,0
226,3,0,12240468,12240468.0,,0,0,0
227,1,0,12258472,12258472.0,,0,0,0
227,2,0,12276468,12276468.0,,0,0,0
227,3,0,12294468,12294468.0,,0,0,0
228,1,0,12312468,12312468.0,,0,0,0
228,2,0,12330468,12330468.0,,0,0,0
228,3,0,12348468,12348468.0,,0,0,0
229,1,0,12366472,12366472.0,,0,0,0
229,2,0,12384472,12384472.0,,0,0,0
229,3,0,12402472,12402472.0,,0,0,0
230,1,0,12420468,12420468.0,,0,0,0
230,2,0,12438468,12438468.0,,0,0,0
230,3,0,12456476,12456476.0,,0,0,0
231,1,0,12474468,12474468.0,,0,0,0
231,2,0,12492472,12492472.0,,0,0,0
231,3,0,12510472,12510472.0,,0,0,0
232,1,0,12528468,12528468.0,,0,0,0
232,2,0,12546468,12546468.0,,0,0,0
232,3,0,12564476,12564476.0,,0,0,0
233,1,0,12582468,12582468.0,,0,0,0
233,2,0,12600472,12600472.0,,0,0,0
233,3,0,12618472,12618472.0,,0,0,0
234,1,0,12636468,12636468.0,,0,0,0
234,2,0,12654468,12654468.0,,0,0,0
234,3,0,12672476,12672476.0,,0,0,0
235,1,0,12690472,12690472.0,,0,0,0
235,2,0,12708472,12708472.0,,0,0,0
235,3,0,12726468,12726468.0,,0,0,0
236,1,0,12744472,12744472.0,,0,0,0
236,2,0,12762468,12762468.0,,0,0,0
236,3,0,12780468,12780468.0,,0,0,0
237,1,0,12798472,12798472.0,,0,0,0
237,2,0,12816468,12816468.0,,0,0,0
237,3,0,12834472,12834472.0,,0,0,0
238,1,0,12852472,12852472.0,,0,0,0
238,2,0,12870472,12870472.0,,0,0,0
238,3,0,12888472,12888472.0,,0,0,0
239,1,0,12906472,12906472.0,,0,0,0
239,2,0,12924468,12924468.0,,0,0,0
239,3,0,12942468,12942468.0,,0,0,0
240,1,0,12960472,12960472.0,,0,0,0
240,2,0,12978472,12978472.0,,0,0,0
240,3,0,12996472,12996472.0,,0,0,0
241,1,0,13014472,13014472.0,,0,0,0
241,2,0,13032476,13032476.0,,0,0,0
241,3,0,13050468,13050468.0,,0,0,0
242,1,0,13068472,13068472.0,,0,0,0
242,2,0,13086468,13086468.0,,0,0,0
242,3,0,13104468,13104468.0,,0,0,0
243,1,0,13122472,13122472.0,,0,0,0
243,2,0,13140468,13140468.0,,0,0,0
243,3,0,13158476,13158476.0,,0,0,0
244,1,0,13176468,13176468.0,,0,0,0
244,2,0,13194468,13194468.0,,0,0,0
244,3,0,13212468,13212468.0,,0,0,0
245,1,3471,13230468,13232203.5,0.751596,1,1,1
245,2,4459,13248468,13250697.5,0.921289,1,1,1
245,3,5475,13266472,13269209.5,1.089275,1,1,1
246,1,4014,13284472,13286479.0,0.846507,1,1,1
246,2,4616,13302472,13304780.0,0.948731,1,1,1
246,3,5180,13320472,13323062.0,1.037712,1,1,1
247,1,4415,13338472,13340679.5,0.916598,1,1,1
247,2,4570,13356468,13358753.0,0.940690,1,1,1
247,3,5089,13374484,13377028.5,1.021806,1,1,1
248,1,4689,13392468,13394812.5,0.964490,1,1,1
248,2,4550,13410468,13412743.0,0.937194,1,1,1
248,3,4745,13428472,13430844.5,0.961679,1,1,1
249,1,4947,13446468,13448941.5,1.009586,1,1,1
249,2,4449,13464468,13466692.5,0.919541,1,1,1
249,3,4362,13482468,13484649.0,0.894734,1,1,1
250,1,5081,13500468,13503008.5,1.033008,1,1,1
250,2,4313,13518472,13520628.5,0.895769,1,1,1
250,3,4045,13536468,13538490.5,0.839326,1,1,1
251,1,5194,13554472,13557069.0,1.052759,1,0,0
251,2,4072,13572468,13574504.0,0.853645,1,0,0
251,3,0,13590472,13590472.0,,0,0,0
252,1,5342,13608472,13611143.0,1.078628,1,0,0
252,2,3887,13626468,13628411.5,0.821309,1,0,0
252,3,0,13644476,13644476.0,,0,0,0
253,1,0,13662468,13662468.0,,0,0,0
253,2,0,13680468,13680468.0,,0,0,0
253,3,0,13698472,13698472.0,,0,0,0
