timestamp,label,ref1_name,ref1_dist_m,ref2_name,ref2_dist_m,ref3_name,ref3_dist_m,x_m,z_m,r_m,theta_deg,ls_residual_m,cond_number,cond_warn
2026-07-11T16:20:29,ID_2,centroid,0.25,S1,0.7,S2,0.34,-0.0809,0.2345,0.2481,109.03,0.0021,1.73,FALSE
2026-07-11T16:21:32,ID_0,centroid,0.56,S2,0.6,S3,0.53,-0.5563,-0.0398,0.5577,-175.91,0.00237,1.73,FALSE
2026-07-11T16:22:06,ID_3,centroid,0.52,S1,0.53,S3,0.58,0.2848,-0.4382,0.5226,-56.98,0.00297,1.73,FALSE
2026-07-11T16:22:50,ID_1,centroid,0.735,S1,0.69,S2,0.63,0.3288,0.6495,0.7279,63.15,0.00598,1.73,FALSE
2026-07-11T16:24:47,ID_4,centroid,1.56,S1,1.68,S3,1.1,-0.0268,-1.5651,1.5653,-90.98,0.00382,1.73,FALSE
2026-07-11T16:25:19,ID_7,centroid,1.38,S2,1.23,S3,1.17,-1.3778,-0.072,1.3797,-177.01,0.00023,1.73,FALSE
2026-07-11T16:47:17,Camera,centroid,3,S1,3.15,S3,2.44,-0.5892,-2.9297,2.9884,-101.37,0.00846,1.73,FALSE
2026-07-11T16:47:56,ID_6,centroid,0.97,S2,0.39,S3,1.34,-0.5125,0.8214,0.9682,121.96,0.00143,1.73,FALSE
2026-07-11T16:48:41,ID_5,centroid,0.86,S1,0.29,S3,1.3,0.8503,0.1164,0.8582,7.79,0.0049,1.73,FALSE
2026-07-11T17:04:15,ID_02_RESRUVEY,centroid,0.74,S1,0.7,S2,0.64,0.3333,0.658,0.7376,63.14,0.00201,1.73,FALSE
2026-07-11T17:33:41,Survay-1,centroid,0.94,S2,1.21,S3,0.42,-0.6837,-0.6441,0.9393,-136.71,0.00052,1.73,FALSE
2026-07-11T17:35:12,Survay-2,centroid,0.74,S1,0.37,S3,0.95,0.649,-0.3613,0.7428,-29.1,0.00224,1.73,FALSE
2026-07-11T17:36:37,Survay-3,centroid,0.53,S2,0.33,S3,1.08,0.0401,0.5286,0.5301,85.66,0.0001,1.73,FALSE
2026-07-11T18:23:51,Static-1,centroid,0.77,S2,1.09,S3,0.23,-0.5106,-0.57,0.7653,-131.86,0.00353,1.73,FALSE
2026-07-11T18:28:56,Static-2,centroid,0.6,S1,0.19,S3,0.92,0.5732,-0.1878,0.6032,-18.14,0.00292,1.73,FALSE
2026-07-11T18:30:23,Static-3,centroid,0.51,S1,0.44,S2,0.64,0.3421,0.3751,0.5077,47.63,0.00274,1.73,FALSE
2026-07-11T18:32:22,Static-4,centroid,0.52,S2,0.21,S3,0.83,-0.4053,0.3237,0.5187,141.38,0.00155,1.73,FALSE
2026-07-11T18:34:42,Static-5,centroid,0.855,S2,0.6,S3,0.895,-0.8224,0.2213,0.8517,164.94,0.00263,1.73,FALSE
2026-07-11T18:35:55,Static-6,centroid,0.74,S1,0.945,S3,0.37,-0.0084,-0.7408,0.7408,-90.65,0.00065,1.73,FALSE
2026-07-11T18:37:23,Static-7,centroid,0.94,S1,1.1105,S2,0.53,-0.0032,0.9439,0.9439,90.2,0.00292,1.73,FALSE
2026-07-11T18:38:30,Static-8,centroid,0.83,S1,0.77,S3,0.72,0.3854,-0.7416,0.8358,-62.54,0.00462,1.73,FALSE
2026-07-11T18:39:42,Static-9,centroid,0.16,S1,0.46,S2,0.59,0.1303,0.0889,0.1577,34.3,0.00323,1.73,FALSE
2026-07-11T18:42:02,Static-10,centroid,0.37,S1,0.78,S3,0.23,-0.1178,-0.3498,0.3691,-108.61,0.00183,1.73,FALSE
2026-07-11T19:15:42,Throw-1,centroid,0.37,S1,0.34,S3,0.66,0.3056,-0.2077,0.3695,-34.21,0.00181,1.73,False
2026-07-11T19:15:57,Throw-2,centroid,0.32,S2,0.7,S3,0.31,-0.2521,-0.1959,0.3192,-142.15,0.00284,1.73,False
2026-07-11T19:16:18,Throw-3,centroid,0.62,S1,0.83,S3,0.34,0.0282,-0.6206,0.6213,-87.40,0.00116,1.73,False
2026-07-11T19:16:44,Throw-4,centroid,0.41,S2,0.36,S3,0.66,-0.3808,0.1527,0.4103,158.15,0.00065,1.73,False
2026-07-11T19:17:19,Throw-5,centroid,0.56,S2,0.16,S3,0.9,-0.4036,0.3906,0.5617,135.94,0.00170,1.73,False
2026-07-11T19:17:35,Throw-6,centroid,0.64,S1,0.9,S2,0.26,-0.0642,0.6343,0.6376,95.78,0.00212,1.73,False
2026-07-11T19:17:48,Throw-7,centroid,0.66,S1,0.28,S2,0.91,0.5958,0.2804,0.6585,25.20,0.00131,1.73,False
2026-07-11T19:18:04,Throw-8,centroid,0.28,S1,0.32,S2,0.7,0.2684,0.0775,0.2793,16.11,0.00102,1.73,False
2026-07-11T19:18:22,Throw-9,centroid,0.13,S2,0.52,S3,0.54,-0.1268,0.0106,0.1273,175.20,0.00395,1.73,False
2026-07-11T19:18:39,Throw-10,centroid,0.36,S1,0.57,S3,0.44,0.1203,-0.3395,0.3602,-70.48,0.00052,1.73,False
