t_sample_s,x_raw_m,y_raw_m,z_raw_m,x_kalman_m,y_kalman_m,z_kalman_m,sigma_y_m,height_consistency_q_m
11.345525,-0.939082,0.847686,-1.060976,-0.939082,0.847686,-1.060976,0.021033,2.22e-16
11.399271,-0.811118,1.081354,-0.850442,-0.811118,1.081305,-0.850442,0.015835,2.22e-16
11.452965,-0.621621,1.221117,-0.714329,-0.629354,1.227740,-0.705020,0.013573,2.22e-16
11.506840,-0.533654,1.314407,-0.574299,-0.520664,1.324444,-0.565465,0.012494,2.22e-16
11.560657,-0.398112,1.401464,-0.405620,-0.393853,1.405037,-0.405487,0.011594,0.00e+00
11.614454,-0.209596,1.475274,-0.236995,-0.223305,1.472401,-0.239338,0.010993,2.22e-16
11.668353,-0.126832,1.494809,-0.097486,-0.112530,1.498132,-0.091456,0.010816,0.00e+00
11.722146,0.022712,1.485247,0.028577,0.023395,1.490468,0.040813,0.010776,0.00e+00
11.776004,0.179159,1.466481,0.236425,0.173190,1.465387,0.223218,0.010980,2.22e-16
11.829795,0.344094,1.402497,0.358266,0.333507,1.405352,0.366026,0.011428,2.22e-16
11.883667,0.440031,1.307991,0.536533,0.451882,1.313230,0.531920,0.012211,0.00e+00
11.937564,0.551879,1.224100,0.644266,0.565218,1.213357,0.659758,0.013131,0.00e+00
11.991456,0.697754,1.079527,0.789262,0.699122,1.076069,0.797937,0.015112,2.22e-16
12.045420,0.858878,0.876398,0.951339,0.850811,0.894626,0.951329,0.019285,2.22e-16
